nhs_number,forename,last_name,test_text,more_test,numeric_field
3269948557,Mckenzie,Citizen,LNYJVaZBGUlhvOJnFhXTaekfrimfte,YKxkVkzk,16914
9777285213,Kazuko,Horgen,KQLJBOdpholEfYGJGjMGpditigzXVr,ZNXTjpFx,1894
7463967379,Julia,Thalmann,XLAeJSVRpNafKlsmtTGmWDkqnsZaDM,qyIBRCfL,15252
4087092534,Tarah,Amspoker,mEFGlxziWDKupYZVmoPyfhHLqMUicT,cAnpayJE,1449
7447792934,Debbi,Tozier,EzzIBUzipAKkPerbvPtDNkCRvVrUkp,rurUSEWH,54549
5850434410,Weston,Mechler,qrDZTWxuLNPWBHGuzbNeqMllQiWsAK,YheDowZo,28864
6415777971,Tory,Meahl,pDacpFLLlYFigQijyPsFjvnXfYQqgc,AbLqGDFq,59054
1574772899,Jeneva,Learman,uUvhecUJjWRNwlQCLDoeJRvsNeNIOt,txWHNlQh,41054
2704206430,Wilford,Deutschendorf,hrViXpfukuGSeobFsQMGkCuSPpqrLC,iOMlrEpn,42469
9553282806,Elayne,Duncil,NNBSXhqCSnrZSUXFsWhlZSYazVmtwf,pfGIpsWM,31915
8616237976,India,Hardimon,wRZzsQEQiRHGknpfMzKjUhYpnFlIsU,pXHxMjaY,16595
5674307156,Luanna,Eadie,kdZMBHuQWzfeMjJMtGGujGttKUNWsY,mBczyZdv,23428
6701679927,Oscar,Quartieri,aFdvfDIfCHwqCiGMskPOjvjFucblii,nOZBLhzx,2257
0141363169,Gerri,Siggers,xHBmfJFanIbqBbYMDXrHPDbjFgIBLw,xWGdXVEJ,48528
8463833446,Valorie,Grisson,BGRGEHxMhcSgQXjRAXeXShgnXDJPej,UsxNNfci,54798
5891112639,Margeret,Pintar,xAJdfeyMFgnCxwxFuRYdXSUckcDIMR,dWMItlqJ,7721
6394693553,Elease,Minteer,QYvWRzlQitNpkzIwijSCVrlPylxkpb,ipAMeJUB,45421
0351064788,Chung,Hagstrom,MxGmZjwmedcczhEYZnQpHwrUxNyOOO,uWQpSAxN,3397
8480199865,Billie,Schiesher,EPNakQCtraDJuFvZSfIJcgCTRWAKCy,vgdFCHwS,14053
7781825659,Rachell,Chean,vUhdFoSwRmThSnYmVuNyEhGhaNsbJX,ohzbXjuy,477
6629873661,Keturah,Resto,AyjOzKOrDfwnpJiIhMpInQWnIKdJLD,igwNMxZb,6426
8558955832,Roxana,Sasaki,pGLpJxgwASQHEGxTrHZehONngGkIgu,JyyhaEcK,54173
8755920594,Mikel,Kalvaitis,cOEoyTQUsRTpoEUArXMVhblNlZUrPL,DTqVJIXl,58643
